cell_group,panel,n_case,n_reference,delta_mean_z,p_value,fdr_within_celltype_comparison
Macrophage,BNB_identity_integrity,9,11,0.05416586268727103,0.648503379652976,0.9394400080349974
Macrophage,Leukocyte_transmigration,9,11,-0.3452136880523281,0.018513473775353916,0.07405389510141566
Macrophage,CXCL8_CXCR1_2,9,11,-0.11460610739921742,0.8790477722505494,0.9394400080349974
Macrophage,LIF_LIFR,9,11,0.0045071642180877555,0.9394400080349974,0.9394400080349974
Macrophage,Complement,9,11,-0.1093665117905972,0.8197075378297883,0.9394400080349974
Macrophage,Fc_receptor,9,11,-0.6728671731309646,0.0010874365767340446,0.008699492613872357
Macrophage,Macrophage_state,9,11,-0.3681625391136003,0.03339814633921801,0.08906172357124803
Macrophage,Schwann_myelin_repair,9,11,-0.08965013114202483,0.5948534237883254,0.9394400080349974
T_NK,BNB_identity_integrity,9,11,-0.049562743638116094,0.9394400080349974,0.9394400080349974
T_NK,Leukocyte_transmigration,9,11,-0.24704195651352845,0.08056875653563067,0.6445500522850454
T_NK,CXCL8_CXCR1_2,9,11,0.3170193645918532,0.33000250336386605,0.9394400080349974
T_NK,LIF_LIFR,9,11,0.07335370611284292,0.5948534237883254,0.9394400080349974
T_NK,Complement,9,11,-0.11251817769447754,0.4941245444092638,0.9394400080349974
T_NK,Fc_receptor,9,11,0.025575309451282863,0.40331756510948324,0.9394400080349974
T_NK,Macrophage_state,9,11,-0.0032134138393551948,0.9394400080349974,0.9394400080349974
T_NK,Schwann_myelin_repair,9,11,-0.0926282362705146,0.8197075378297883,0.9394400080349974
BNB_EC,BNB_identity_integrity,9,11,-0.4038761906200714,0.027577991563328515,0.22062393250662812
BNB_EC,Leukocyte_transmigration,9,11,-0.08222048687360223,0.44741170200931857,0.7905992710548221
BNB_EC,CXCL8_CXCR1_2,9,11,-0.02405435437427003,0.440257435859737,0.7905992710548221
BNB_EC,LIF_LIFR,9,11,0.053624547717688306,0.7612079858009609,1.0
BNB_EC,Complement,9,11,0.11452668171076694,0.4941245444092638,0.7905992710548221
BNB_EC,Fc_receptor,9,11,-0.19172720356812753,0.3619347669211923,0.7905992710548221
BNB_EC,Macrophage_state,9,11,-0.12534391307248743,1.0,1.0
BNB_EC,Schwann_myelin_repair,9,11,0.006013327890383049,1.0,1.0
Other_EC,BNB_identity_integrity,9,11,-0.08682273102639135,0.8197075378297883,1.0
Other_EC,Leukocyte_transmigration,9,11,-0.1573561232566294,0.3619347669211923,0.9651593784565128
Other_EC,CXCL8_CXCR1_2,9,11,0.04146730799228111,0.7314673432614722,1.0
Other_EC,LIF_LIFR,9,11,0.19170727433487603,0.09463839528709553,0.6858408242573093
Other_EC,Complement,9,11,0.014956409733455696,1.0,1.0
Other_EC,Fc_receptor,9,11,-0.32434096592238904,0.17146020606432733,0.6858408242573093
Other_EC,Macrophage_state,9,11,0.07714186517393981,1.0,1.0
Other_EC,Schwann_myelin_repair,9,11,-0.09261268667840541,0.9394400080349974,1.0
Pericyte,BNB_identity_integrity,9,11,0.3159177039551756,0.3619347669211923,1.0
Pericyte,Leukocyte_transmigration,9,11,0.12648117086551994,0.7040429655866594,1.0
Pericyte,CXCL8_CXCR1_2,9,11,-0.16885937052168837,0.8190376879405,1.0
Pericyte,LIF_LIFR,9,11,0.24682027629130707,0.1965119202345007,1.0
Pericyte,Complement,9,11,0.06954026096692224,0.9394400080349974,1.0
Pericyte,Fc_receptor,9,11,-0.019200191761406527,1.0,1.0
Pericyte,Macrophage_state,9,11,0.15340185391618294,0.5433269342132927,1.0
Pericyte,Schwann_myelin_repair,9,11,-0.0064448988913541096,1.0,1.0
Perineurium,BNB_identity_integrity,9,11,0.45453973633546296,0.12864313895307422,0.17014799279939335
Perineurium,Leukocyte_transmigration,9,11,0.26503714681939944,0.06824748837800128,0.10919598140480205
Perineurium,CXCL8_CXCR1_2,9,11,0.336975814787553,0.17081554786425535,0.17081554786425535
Perineurium,LIF_LIFR,9,11,0.35016818227432867,0.057519400395638395,0.10919598140480205
Perineurium,Complement,9,11,0.3475641733783329,0.03339814633921801,0.10919598140480205
Perineurium,Fc_receptor,9,11,0.4627548582957228,0.14887949369946918,0.17014799279939335
Perineurium,Macrophage_state,9,11,0.7581967453067164,0.022654494080089346,0.10919598140480205
Perineurium,Schwann_myelin_repair,9,11,0.3652392850942827,0.06824748837800128,0.10919598140480205
Endoneurial_stroma,BNB_identity_integrity,9,11,0.4780181014236816,0.14887949369946918,0.8948234040186371
Endoneurial_stroma,Leukocyte_transmigration,9,11,0.17404447988015,0.40331756510948324,0.8948234040186371
Endoneurial_stroma,CXCL8_CXCR1_2,9,11,0.0318305866415997,1.0,1.0
Endoneurial_stroma,LIF_LIFR,9,11,0.08576176233888302,0.7040429655866594,0.9368086146626152
Endoneurial_stroma,Complement,9,11,0.12794438210741646,0.44741170200931857,0.8948234040186371
Endoneurial_stroma,Fc_receptor,9,11,0.13816164049440538,0.5948534237883254,0.9368086146626152
Endoneurial_stroma,Macrophage_state,9,11,0.3997866383971665,0.22414515405220226,0.8948234040186371
Endoneurial_stroma,Schwann_myelin_repair,9,11,0.1320490638104126,0.8197075378297883,0.9368086146626152
Myelinating_SC,BNB_identity_integrity,9,10,-0.11442498435154165,0.5402913746074198,0.9580074130123729
Myelinating_SC,Leukocyte_transmigration,9,10,0.08428374095667235,0.6533789106936937,0.9580074130123729
Myelinating_SC,CXCL8_CXCR1_2,9,10,0.1152888610172862,0.960535300044334,0.960535300044334
Myelinating_SC,LIF_LIFR,9,10,0.20696252960036945,0.5402913746074198,0.9580074130123729
Myelinating_SC,Complement,9,10,0.06254868788888282,0.7750513736700824,0.9580074130123729
Myelinating_SC,Fc_receptor,9,10,-0.35045789673464867,0.1309111278962908,0.9580074130123729
Myelinating_SC,Macrophage_state,9,10,0.1269772128246478,0.7750513736700824,0.9580074130123729
Myelinating_SC,Schwann_myelin_repair,9,10,0.0019982720032525186,0.8382564863858263,0.9580074130123729
Nonmyelinating_SC,BNB_identity_integrity,9,11,-0.055897044639899966,1.0,1.0
Nonmyelinating_SC,Leukocyte_transmigration,9,11,-0.019616150098919018,0.7040429655866594,1.0
Nonmyelinating_SC,CXCL8_CXCR1_2,9,11,0.13278913042794788,0.44569629404751054,1.0
Nonmyelinating_SC,LIF_LIFR,9,11,-0.18227772894298994,0.09463839528709553,0.7571071622967642
Nonmyelinating_SC,Complement,9,11,-0.015033520208563307,0.8792283946861903,1.0
Nonmyelinating_SC,Fc_receptor,9,11,-0.14146742882258947,0.9394400080349974,1.0
Nonmyelinating_SC,Macrophage_state,9,11,0.045915963676798885,0.9394400080349974,1.0
Nonmyelinating_SC,Schwann_myelin_repair,9,11,0.021373709819684665,0.9394400080349974,1.0
Repair_damage_SC,BNB_identity_integrity,9,10,0.18032941850443698,0.48766835345893045,0.9025232501776794
Repair_damage_SC,Leukocyte_transmigration,9,10,-0.13872300091769244,0.23644471557230384,0.9025232501776794
Repair_damage_SC,CXCL8_CXCR1_2,9,10,-0.4493690449211143,0.257620539316171,0.9025232501776794
Repair_damage_SC,LIF_LIFR,9,10,0.0665942522588261,0.7133031738784577,0.9025232501776794
Repair_damage_SC,Complement,9,10,0.004397824256385477,0.8382564863858263,0.9025232501776794
Repair_damage_SC,Fc_receptor,9,10,0.0007884546980647181,0.9025232501776794,0.9025232501776794
Repair_damage_SC,Macrophage_state,9,10,0.05941672156893481,0.7750513736700824,0.9025232501776794
Repair_damage_SC,Schwann_myelin_repair,9,10,0.05731614562704125,0.3912672792826394,0.9025232501776794
