comparison,cell_group,panel,n_case,n_reference,mean_z_case,mean_z_reference,delta_mean_z,p_value,fdr_within_celltype_comparison
CIDP_vs_CIAP,Macrophage,BNB_identity_integrity,9,11,0.1042285005758767,0.0500626378886057,0.0541658626872709,0.648503379652976,0.9394400080349974
CIDP_vs_CIAP,Macrophage,Leukocyte_transmigration,9,11,-0.1680079568841136,0.1772057311682146,-0.3452136880523282,0.0185134737753539,0.0740538951014156
CIDP_vs_CIAP,Macrophage,CXCL8_CXCR1_2,9,11,0.0370083885031408,0.1516144959023583,-0.1146061073992174,0.8790477722505494,0.9394400080349974
CIDP_vs_CIAP,Macrophage,LIF_LIFR,9,11,-0.0052959210409895,-0.0098030852590772,0.0045071642180877,0.9394400080349974,0.9394400080349974
CIDP_vs_CIAP,Macrophage,Complement,9,11,-0.1522857303404053,-0.0429192185498081,-0.1093665117905972,0.8197075378297883,0.9394400080349974
CIDP_vs_CIAP,Macrophage,Fc_receptor,9,11,-0.4116770666748427,0.2611901064561218,-0.6728671731309646,0.001087436576734,0.0086994926138723
CIDP_vs_CIAP,Macrophage,Macrophage_state,9,11,-0.2084054766791021,0.1597570624344982,-0.3681625391136003,0.033398146339218,0.089061723571248
CIDP_vs_CIAP,Macrophage,Schwann_myelin_repair,9,11,-0.0143612427109814,0.0752888884310433,-0.0896501311420248,0.5948534237883254,0.9394400080349974
CIDP_vs_CIAP,T_NK,BNB_identity_integrity,9,11,-0.0232569522456142,0.0263057913925018,-0.049562743638116,0.9394400080349974,0.9394400080349974
CIDP_vs_CIAP,T_NK,Leukocyte_transmigration,9,11,-0.139248544587776,0.1077934119257524,-0.2470419565135285,0.0805687565356306,0.6445500522850454
CIDP_vs_CIAP,T_NK,CXCL8_CXCR1_2,9,11,0.2892005887045745,-0.0278187758872787,0.3170193645918532,0.330002503363866,0.9394400080349974
CIDP_vs_CIAP,T_NK,LIF_LIFR,9,11,-0.1068379049454062,-0.1801916110582491,0.0733537061128429,0.5948534237883254,0.9394400080349974
CIDP_vs_CIAP,T_NK,Complement,9,11,-0.038532478389467,0.0739856993050105,-0.1125181776944776,0.4941245444092638,0.9394400080349974
CIDP_vs_CIAP,T_NK,Fc_receptor,9,11,0.05846580479375,0.0328904953424671,0.0255753094512828,0.4033175651094832,0.9394400080349974
CIDP_vs_CIAP,T_NK,Macrophage_state,9,11,0.0558110119825228,0.059024425821878,-0.0032134138393551,0.9394400080349974,0.9394400080349974
CIDP_vs_CIAP,T_NK,Schwann_myelin_repair,9,11,0.0022680527629627,0.0948962890334773,-0.0926282362705145,0.8197075378297883,0.9394400080349974
CIDP_vs_CIAP,BNB_EC,BNB_identity_integrity,9,11,-0.1684874889704785,0.2353887016495928,-0.4038761906200714,0.0275779915633285,0.2206239325066281
CIDP_vs_CIAP,BNB_EC,Leukocyte_transmigration,9,11,-0.0908425248099916,-0.0086220379363893,-0.0822204868736022,0.4474117020093185,0.7905992710548221
CIDP_vs_CIAP,BNB_EC,CXCL8_CXCR1_2,9,11,0.0904233311631933,0.1144776855374634,-0.02405435437427,0.440257435859737,0.7905992710548221
CIDP_vs_CIAP,BNB_EC,LIF_LIFR,9,11,-0.0251248595053679,-0.0787494072230562,0.0536245477176883,0.7612079858009609,1
CIDP_vs_CIAP,BNB_EC,Complement,9,11,0.041434206158379,-0.0730924755523879,0.1145266817107669,0.4941245444092638,0.7905992710548221
CIDP_vs_CIAP,BNB_EC,Fc_receptor,9,11,-0.0111805592635,0.1805466443046274,-0.1917272035681275,0.3619347669211923,0.7905992710548221
CIDP_vs_CIAP,BNB_EC,Macrophage_state,9,11,-0.0343607564023483,0.090983156670139,-0.1253439130724874,1,1
CIDP_vs_CIAP,BNB_EC,Schwann_myelin_repair,9,11,0.0036036582985306,-0.0024096695918524,0.006013327890383,1,1
CIDP_vs_CIAP,Other_EC,BNB_identity_integrity,9,11,-0.0494387345349891,0.0373839964914021,-0.0868227310263913,0.8197075378297883,1
CIDP_vs_CIAP,Other_EC,Leukocyte_transmigration,9,11,-0.0772724006314986,0.0800837226251307,-0.1573561232566294,0.3619347669211923,0.9651593784565128
CIDP_vs_CIAP,Other_EC,CXCL8_CXCR1_2,9,11,0.1127362848118094,0.0712689768195282,0.0414673079922811,0.7314673432614722,1
CIDP_vs_CIAP,Other_EC,LIF_LIFR,9,11,0.0689511228799928,-0.1227561514548831,0.191707274334876,0.0946383952870955,0.6858408242573093
CIDP_vs_CIAP,Other_EC,Complement,9,11,0.0678686263043775,0.0529122165709218,0.0149564097334556,1,1
CIDP_vs_CIAP,Other_EC,Fc_receptor,9,11,0.025688730112901,0.35002969603529,-0.324340965922389,0.1714602060643273,0.6858408242573093
CIDP_vs_CIAP,Other_EC,Macrophage_state,9,11,0.1536568380712422,0.0765149728973024,0.0771418651739398,1,1
CIDP_vs_CIAP,Other_EC,Schwann_myelin_repair,9,11,-0.0304171546411083,0.062195532037297,-0.0926126866784054,0.9394400080349974,1
CIDP_vs_CIAP,Pericyte,BNB_identity_integrity,9,11,0.2376394356599769,-0.0782782682951987,0.3159177039551756,0.3619347669211923,1
CIDP_vs_CIAP,Pericyte,Leukocyte_transmigration,9,11,0.1292401706359439,0.002758999770424,0.1264811708655199,0.7040429655866594,1
CIDP_vs_CIAP,Pericyte,CXCL8_CXCR1_2,9,11,0.0174071657566491,0.1862665362783374,-0.1688593705216883,0.8190376879405,1
CIDP_vs_CIAP,Pericyte,LIF_LIFR,9,11,0.0396822940103071,-0.2071379822809999,0.2468202762913071,0.1965119202345007,1
CIDP_vs_CIAP,Pericyte,Complement,9,11,0.0897665015959765,0.0202262406290542,0.0695402609669222,0.9394400080349974,1
CIDP_vs_CIAP,Pericyte,Fc_receptor,9,11,0.2013157162475438,0.2205159080089503,-0.0192001917614065,1,1
CIDP_vs_CIAP,Pericyte,Macrophage_state,9,11,0.2831799272985596,0.1297780733823766,0.1534018539161829,0.5433269342132927,1
CIDP_vs_CIAP,Pericyte,Schwann_myelin_repair,9,11,-0.0075460109194338,-0.0011011120280798,-0.006444898891354,1,1
CIDP_vs_CIAP,Perineurium,BNB_identity_integrity,9,11,0.2815973884491039,-0.172942347886359,0.4545397363354629,0.1286431389530742,0.1701479927993933
CIDP_vs_CIAP,Perineurium,Leukocyte_transmigration,9,11,0.0967174375652229,-0.1683197092541765,0.2650371468193995,0.0682474883780012,0.109195981404802
CIDP_vs_CIAP,Perineurium,CXCL8_CXCR1_2,9,11,0.003178044241381,-0.3337977705461719,0.336975814787553,0.1708155478642553,0.1708155478642553
CIDP_vs_CIAP,Perineurium,LIF_LIFR,9,11,0.0956469020054081,-0.2545212802689205,0.3501681822743286,0.0575194003956383,0.109195981404802
CIDP_vs_CIAP,Perineurium,Complement,9,11,0.0608915508036461,-0.2866726225746868,0.3475641733783329,0.033398146339218,0.109195981404802
CIDP_vs_CIAP,Perineurium,Fc_receptor,9,11,0.238750650344345,-0.2240042079513778,0.4627548582957228,0.1488794936994691,0.1701479927993933
CIDP_vs_CIAP,Perineurium,Macrophage_state,9,11,0.380593943571709,-0.3776028017350074,0.7581967453067164,0.0226544940800893,0.109195981404802
CIDP_vs_CIAP,Perineurium,Schwann_myelin_repair,9,11,0.1398024571363789,-0.2254368279579037,0.3652392850942827,0.0682474883780012,0.109195981404802
CIDP_vs_CIAP,Endoneurial_stroma,BNB_identity_integrity,9,11,0.4244881245131447,-0.0535299769105368,0.4780181014236817,0.1488794936994691,0.8948234040186371
CIDP_vs_CIAP,Endoneurial_stroma,Leukocyte_transmigration,9,11,0.1982842890924253,0.0242398092122752,0.17404447988015,0.4033175651094832,0.8948234040186371
CIDP_vs_CIAP,Endoneurial_stroma,CXCL8_CXCR1_2,9,11,-0.003683190535012,-0.0355137771766117,0.0318305866415996,1,1
CIDP_vs_CIAP,Endoneurial_stroma,LIF_LIFR,9,11,0.0148162280129889,-0.070945534325894,0.0857617623388829,0.7040429655866594,0.9368086146626152
CIDP_vs_CIAP,Endoneurial_stroma,Complement,9,11,0.0358933637457852,-0.0920510183616312,0.1279443821074164,0.4474117020093185,0.8948234040186371
CIDP_vs_CIAP,Endoneurial_stroma,Fc_receptor,9,11,0.1850221638791375,0.0468605233847321,0.1381616404944054,0.5948534237883254,0.9368086146626152
CIDP_vs_CIAP,Endoneurial_stroma,Macrophage_state,9,11,0.3095241096887317,-0.0902625287084347,0.3997866383971664,0.2241451540522022,0.8948234040186371
CIDP_vs_CIAP,Endoneurial_stroma,Schwann_myelin_repair,9,11,0.0456643438934642,-0.0863847199169483,0.1320490638104126,0.8197075378297883,0.9368086146626152
CIDP_vs_CIAP,Myelinating_SC,BNB_identity_integrity,9,10,-0.0585795791214244,0.0558454052301172,-0.1144249843515416,0.5402913746074198,0.9580074130123728
CIDP_vs_CIAP,Myelinating_SC,Leukocyte_transmigration,9,10,0.0745307313123695,-0.0097530096443028,0.0842837409566723,0.6533789106936937,0.9580074130123728
CIDP_vs_CIAP,Myelinating_SC,CXCL8_CXCR1_2,9,10,-0.0104466992935547,-0.1257355603108408,0.1152888610172861,0.960535300044334,0.960535300044334
CIDP_vs_CIAP,Myelinating_SC,LIF_LIFR,9,10,0.0847197550226259,-0.1222427745777434,0.2069625296003694,0.5402913746074198,0.9580074130123728
CIDP_vs_CIAP,Myelinating_SC,Complement,9,10,0.1201653929985803,0.0576167051096975,0.0625486878888828,0.7750513736700824,0.9580074130123728
CIDP_vs_CIAP,Myelinating_SC,Fc_receptor,9,10,-0.1088774050992724,0.2415804916353762,-0.3504578967346486,0.1309111278962908,0.9580074130123728
CIDP_vs_CIAP,Myelinating_SC,Macrophage_state,9,10,0.1550662113358187,0.0280889985111708,0.1269772128246478,0.7750513736700824,0.9580074130123728
CIDP_vs_CIAP,Myelinating_SC,Schwann_myelin_repair,9,10,0.1150337735794307,0.1130355015761782,0.0019982720032525,0.8382564863858263,0.9580074130123728
CIDP_vs_CIAP,Nonmyelinating_SC,BNB_identity_integrity,9,11,0.0078094013896807,0.0637064460295807,-0.0558970446398999,1,1
CIDP_vs_CIAP,Nonmyelinating_SC,Leukocyte_transmigration,9,11,0.0049568469247791,0.0245729970236982,-0.019616150098919,0.7040429655866594,1
CIDP_vs_CIAP,Nonmyelinating_SC,CXCL8_CXCR1_2,9,11,-0.0666600122826071,-0.199449142710555,0.1327891304279478,0.4456962940475105,1
CIDP_vs_CIAP,Nonmyelinating_SC,LIF_LIFR,9,11,-0.178199356191287,0.0040783727517029,-0.1822777289429899,0.0946383952870955,0.7571071622967642
CIDP_vs_CIAP,Nonmyelinating_SC,Complement,9,11,0.019276089450357,0.0343096096589203,-0.0150335202085633,0.8792283946861903,1
CIDP_vs_CIAP,Nonmyelinating_SC,Fc_receptor,9,11,-0.0865126326443692,0.0549547961782202,-0.1414674288225895,0.9394400080349974,1
CIDP_vs_CIAP,Nonmyelinating_SC,Macrophage_state,9,11,-0.0356399053785256,-0.0815558690553245,0.0459159636767989,0.9394400080349974,1
CIDP_vs_CIAP,Nonmyelinating_SC,Schwann_myelin_repair,9,11,0.037753566920451,0.0163798571007663,0.0213737098196846,0.9394400080349974,1
CIDP_vs_CIAP,Repair_damage_SC,BNB_identity_integrity,9,10,0.2671764425473155,0.0868470240428785,0.180329418504437,0.4876683534589304,0.9025232501776794
CIDP_vs_CIAP,Repair_damage_SC,Leukocyte_transmigration,9,10,-0.0040096544474082,0.1347133464702842,-0.1387230009176925,0.2364447155723038,0.9025232501776794
CIDP_vs_CIAP,Repair_damage_SC,CXCL8_CXCR1_2,9,10,-0.1400030392387486,0.3093660056823656,-0.4493690449211143,0.257620539316171,0.9025232501776794
CIDP_vs_CIAP,Repair_damage_SC,LIF_LIFR,9,10,0.0615814373365874,-0.0050128149222386,0.0665942522588261,0.7133031738784577,0.9025232501776794
CIDP_vs_CIAP,Repair_damage_SC,Complement,9,10,0.0782843792576454,0.0738865550012599,0.0043978242563854,0.8382564863858263,0.9025232501776794
CIDP_vs_CIAP,Repair_damage_SC,Fc_receptor,9,10,0.0614128832609674,0.0606244285629027,0.0007884546980646,0.9025232501776794,0.9025232501776794
CIDP_vs_CIAP,Repair_damage_SC,Macrophage_state,9,10,0.1646866292444839,0.1052699076755491,0.0594167215689348,0.7750513736700824,0.9025232501776794
CIDP_vs_CIAP,Repair_damage_SC,Schwann_myelin_repair,9,10,0.0454857243574517,-0.0118304212695895,0.0573161456270412,0.3912672792826394,0.9025232501776794
