disease,cell_group,gene,n_samples,mean_log2cpm,median_log2cpm,panels
CIDP,Macrophage,C3,9,6.460513403115804,6.923818548374483,['Complement']
CIDP,Macrophage,C3AR1,9,5.841138521219653,5.758531276946905,['Complement']
CIDP,Macrophage,CLDN5,9,2.483785431399592,3.6529672570149696,['BNB_identity_integrity']
CIDP,Macrophage,CXCL8,9,1.348223021945377,0.6154125343019813,['CXCL8_CXCR1_2']
CIDP,Macrophage,FCGR2A,9,7.287541138801227,7.21910488657475,['Fc_receptor']
CIDP,Macrophage,ICAM1,9,4.992699875754841,4.927322110737183,['Leukocyte_transmigration']
CIDP,Macrophage,IL6ST,9,7.737116029426646,7.7225974840454095,['LIF_LIFR']
CIDP,Macrophage,JUN,9,4.352357319416675,4.624006253696424,['Schwann_myelin_repair']
CIDP,Macrophage,LIFR,9,4.610190952202145,5.890538432578171,['LIF_LIFR']
CIDP,Macrophage,MPZ,9,5.417499927767537,6.370559773555854,['Schwann_myelin_repair']
CIDP,Macrophage,OSMR,9,3.470114776908913,4.327801623384464,['LIF_LIFR']
CIDP,Macrophage,SOX10,9,3.3334017150161928,3.6529672570149696,['Schwann_myelin_repair']
CIDP,Macrophage,VCAM1,9,1.3780876036119378,1.7990080449948844,['Leukocyte_transmigration']
CIDP,BNB_EC,C3,9,0.2492865802875977,-1.0,['Complement']
CIDP,BNB_EC,C3AR1,9,0.7185155309100427,0.970185268649364,['Complement']
CIDP,BNB_EC,CLDN5,9,7.099958102435112,7.228240333468523,['BNB_identity_integrity']
CIDP,BNB_EC,CXCL8,9,0.0187549434277665,-0.0198078699440116,['CXCL8_CXCR1_2']
CIDP,BNB_EC,FCGR2A,9,-0.2600696408599823,-1.0,['Fc_receptor']
CIDP,BNB_EC,ICAM1,9,4.467965540953954,4.477856166242455,['Leukocyte_transmigration']
CIDP,BNB_EC,IL6ST,9,8.29805926015109,8.339547610988364,['LIF_LIFR']
CIDP,BNB_EC,JUN,9,4.5078849817217925,4.477856166242455,['Schwann_myelin_repair']
CIDP,BNB_EC,LIFR,9,11.33641423625416,11.332437095972155,['LIF_LIFR']
CIDP,BNB_EC,MPZ,9,2.768000153573684,3.1037621444634147,['Schwann_myelin_repair']
CIDP,BNB_EC,OSMR,9,8.299305400599462,8.135563658869085,['LIF_LIFR']
CIDP,BNB_EC,SOX10,9,1.012867704085434,1.0141607186925656,['Schwann_myelin_repair']
CIDP,BNB_EC,VCAM1,9,2.139570946169902,3.049948694857177,['Leukocyte_transmigration']
CIDP,Pericyte,C3,9,1.3108761801727615,2.1728181708947503,['Complement']
CIDP,Pericyte,C3AR1,9,0.4580157052682929,0.8164814283711928,['Complement']
CIDP,Pericyte,CLDN5,9,2.9061844552808958,2.29685958482201,['BNB_identity_integrity']
CIDP,Pericyte,CXCL8,9,-0.4130065546761194,-0.3493678331823812,['CXCL8_CXCR1_2']
CIDP,Pericyte,FCGR2A,9,0.8705244479118585,0.9445884901976952,['Fc_receptor']
CIDP,Pericyte,ICAM1,9,1.5396189837034304,2.10947498558292,['Leukocyte_transmigration']
CIDP,Pericyte,IL6ST,9,6.841438261298755,6.759216163685949,['LIF_LIFR']
CIDP,Pericyte,JUN,9,4.734383523165117,4.700581253870374,['Schwann_myelin_repair']
CIDP,Pericyte,LIFR,9,7.321407091525747,7.411256253720493,['LIF_LIFR']
CIDP,Pericyte,MPZ,9,3.0050668041375994,3.226613805338205,['Schwann_myelin_repair']
CIDP,Pericyte,OSMR,9,7.148605830908287,6.85383479948974,['LIF_LIFR']
CIDP,Pericyte,SOX10,9,2.02642805259184,2.818307243135483,['Schwann_myelin_repair']
CIDP,Pericyte,VCAM1,9,3.235044588691068,2.978909940451425,['Leukocyte_transmigration']
CIDP,Perineurium,C3,9,3.612789201287508,3.636660373703148,['Complement']
CIDP,Perineurium,C3AR1,9,-0.2788972770773861,-0.2325790909728043,['Complement']
CIDP,Perineurium,CLDN5,9,0.5286385385687228,0.3822424831245324,['BNB_identity_integrity']
CIDP,Perineurium,CXCL8,9,-0.0373663600418529,-0.3257809331295048,['CXCL8_CXCR1_2']
CIDP,Perineurium,FCGR2A,9,0.457009863756951,0.3479729071738238,['Fc_receptor']
CIDP,Perineurium,ICAM1,9,0.9891907023941064,0.918419149748574,['Leukocyte_transmigration']
CIDP,Perineurium,IL6ST,9,7.576028847810946,7.38709891363774,['LIF_LIFR']
CIDP,Perineurium,JUN,9,5.572205060935456,4.745957989293217,['Schwann_myelin_repair']
CIDP,Perineurium,LIFR,9,7.0221509248698295,6.920569727304142,['LIF_LIFR']
CIDP,Perineurium,MPZ,9,2.490796300189529,2.004005152252452,['Schwann_myelin_repair']
CIDP,Perineurium,OSMR,9,7.109714896357454,6.854418255493957,['LIF_LIFR']
CIDP,Perineurium,SOX10,9,1.0237080858206444,0.6527452963568587,['Schwann_myelin_repair']
CIDP,Perineurium,VCAM1,9,1.8815086216854549,1.564516723005753,['Leukocyte_transmigration']
CIDP,Myelinating_SC,C3,9,1.9102742882527035,2.0866500241944186,['Complement']
CIDP,Myelinating_SC,C3AR1,9,-0.4026529236792423,-1.0,['Complement']
CIDP,Myelinating_SC,CLDN5,9,0.4847533778644683,0.6963347672028286,['BNB_identity_integrity']
CIDP,Myelinating_SC,CXCL8,9,-0.8352345403223912,-1.0,['CXCL8_CXCR1_2']
CIDP,Myelinating_SC,FCGR2A,9,2.879170805413468,3.1515915696015147,['Fc_receptor']
CIDP,Myelinating_SC,ICAM1,9,0.8317044297795346,0.2616665761588846,['Leukocyte_transmigration']
CIDP,Myelinating_SC,IL6ST,9,7.700690624609289,7.730924285172018,['LIF_LIFR']
CIDP,Myelinating_SC,JUN,9,4.750715893162019,4.4826227482518055,['Schwann_myelin_repair']
CIDP,Myelinating_SC,LIFR,9,5.623635458290868,5.259990776057754,['LIF_LIFR']
CIDP,Myelinating_SC,MPZ,9,12.095332238403673,12.24603689268046,['Schwann_myelin_repair']
CIDP,Myelinating_SC,OSMR,9,4.390956079811921,4.522660761721366,['LIF_LIFR']
CIDP,Myelinating_SC,SOX10,9,6.873558347006667,7.011093273163045,['Schwann_myelin_repair']
CIDP,Myelinating_SC,VCAM1,9,-0.416642593051842,-1.0,['Leukocyte_transmigration']
CIDP,Nonmyelinating_SC,C3,9,1.6304676692049245,1.6271978415748918,['Complement']
CIDP,Nonmyelinating_SC,C3AR1,9,0.0144483666326249,-0.1091653661182411,['Complement']
CIDP,Nonmyelinating_SC,CLDN5,9,0.6945874520070648,0.1982188288439392,['BNB_identity_integrity']
CIDP,Nonmyelinating_SC,CXCL8,9,-0.5190123908454972,-0.5026068877359483,['CXCL8_CXCR1_2']
CIDP,Nonmyelinating_SC,FCGR2A,9,1.3817178915581103,1.5641700854903398,['Fc_receptor']
CIDP,Nonmyelinating_SC,ICAM1,9,1.3966218514058115,1.487474817469525,['Leukocyte_transmigration']
CIDP,Nonmyelinating_SC,IL6ST,9,7.274444139268635,7.25849159496803,['LIF_LIFR']
CIDP,Nonmyelinating_SC,JUN,9,5.558036522332788,5.420737992615036,['Schwann_myelin_repair']
CIDP,Nonmyelinating_SC,LIFR,9,5.343076632546835,5.389772807960051,['LIF_LIFR']
CIDP,Nonmyelinating_SC,MPZ,9,8.92866581303366,8.804083735724923,['Schwann_myelin_repair']
CIDP,Nonmyelinating_SC,OSMR,9,6.973462418992206,6.8668414087233165,['LIF_LIFR']
CIDP,Nonmyelinating_SC,SOX10,9,7.981625944330822,7.868993697163452,['Schwann_myelin_repair']
CIDP,Nonmyelinating_SC,VCAM1,9,0.0271231058507041,-0.0027993142321527,['Leukocyte_transmigration']
CIDP,Repair_damage_SC,C3,9,2.1122355842446665,2.8433826516845864,['Complement']
CIDP,Repair_damage_SC,C3AR1,9,-0.0635002108537334,-1.0,['Complement']
CIDP,Repair_damage_SC,CLDN5,9,2.295850975138563,2.070161374896724,['BNB_identity_integrity']
CIDP,Repair_damage_SC,CXCL8,9,-0.7525121833438972,-1.0,['CXCL8_CXCR1_2']
CIDP,Repair_damage_SC,FCGR2A,9,1.636022887378464,2.096172900873893,['Fc_receptor']
CIDP,Repair_damage_SC,ICAM1,9,0.4570494544401204,0.8672180577447699,['Leukocyte_transmigration']
CIDP,Repair_damage_SC,IL6ST,9,7.083800950009695,7.181584825634048,['LIF_LIFR']
CIDP,Repair_damage_SC,JUN,9,6.17286945619681,6.047827390510128,['Schwann_myelin_repair']
CIDP,Repair_damage_SC,LIFR,9,6.684961234462588,6.980636488859317,['LIF_LIFR']
CIDP,Repair_damage_SC,MPZ,9,7.264382122588661,6.963457948508724,['Schwann_myelin_repair']
CIDP,Repair_damage_SC,OSMR,9,5.387910964896013,5.38110636273541,['LIF_LIFR']
CIDP,Repair_damage_SC,SOX10,9,7.701483748292408,7.641850657615091,['Schwann_myelin_repair']
CIDP,Repair_damage_SC,VCAM1,9,0.1036867873010172,-1.0,['Leukocyte_transmigration']
